,Small-Low,Small-High,Big-Low,Big-High,Market,Rf
192607,1.0874,-0.0695,5.7168,2.0066,3.18,0.22
192608,0.703,5.3842,2.7154,5.6796,2.89,0.25
192609,-2.9117,-0.4374,1.4287,-0.7928,0.59,0.23
192610,-3.8196,-2.0112,-3.5898,-3.9998,-2.92,0.32
192611,3.1806,2.0944,3.1292,3.1934,2.84,0.31
192612,2.6862,3.2639,2.9678,2.299,2.9,0.28
192701,-0.7991,3.9316,-0.2621,4.0885,0.19,0.25
192702,3.7129,6.6192,5.0044,7.988,4.44,0.26
192703,-1.8324,-3.1676,1.3025,-2.5908,0.43,0.3
192704,-1.671,3.4796,3.051,-0.4809,0.71,0.25
192705,5.4766,13.3256,5.4076,7.0144,5.74,0.3
192706,-1.5481,-3.9474,-0.9628,-2.0151,-2.08,0.26
192707,4.2702,3.9846,9.2637,7.2603,7.56,0.3
192708,2.4503,0.86,3.9309,-1.9651,2.25,0.28
192709,2.2496,0.399,5.3697,5.9674,4.97,0.21
192710,-0.2072,-5.8357,-3.5889,-6.6219,-4.06,0.25
192711,10.3238,10.2275,7.0845,6.6346,6.79,0.21
192712,5.701,2.4506,2.4925,3.4755,2.31,0.22
192801,3.2211,3.5948,-0.4427,-2.3168,-0.43,0.25
192802,-4.8858,-4.1271,-0.6772,-2.7296,-1.37,0.33
192803,7.3978,9.457,12.3241,7.8254,9.1,0.29
192804,4.665,9.9723,2.9336,4.4979,4.45,0.22
192805,7.1742,2.574,2.575,0.6388,1.84,0.32
192806,-8.5829,-6.8294,-3.604,-5.4164,-4.54,0.31
192807,-0.4048,-0.8867,1.359,0.8312,0.94,0.32
192808,6.124,3.699,8.7368,6.8565,7,0.32
192809,5.7317,6.1762,2.9576,4.2317,3.15,0.27
192810,6.8299,1.6621,1.359,2.1979,1.74,0.41
192811,8.6705,12.2831,11.1602,12.9505,12.19,0.38
192812,0.9055,-0.6462,0.9332,1.1879,0.42,0.06
192901,-0.034,1.448,6.5262,2.5673,5,0.34
192902,0.7414,0.382,-0.5791,3.0915,0.02,0.36
192903,-5.9533,-4.0571,-1.3835,-0.1243,-0.55,0.34
192904,-0.0822,0.5004,2.2172,2.808,1.79,0.36
192905,-10.2009,-12.5598,-5.7297,-6.2127,-5.95,0.44
192906,6.9673,6.4064,12.4593,7.4384,10.22,0.52
192907,-0.0602,3.8633,3.5656,5.0527,4.79,0.33
192908,-0.7741,-0.4544,7.272,7.2052,8.58,0.4
192909,-4.2711,-3.6218,-4.4211,-6.3661,-5.12,0.35
192910,-21.5559,-19.8329,-24.1865,-10.3484,-19.66,0.46
192911,-16.1934,-12.3366,-14.2535,-8.0015,-12.37,0.37
192912,-2.7485,-1.8488,3.3988,1.4208,1.7,0.37
193001,6.0455,8.4631,7.1735,2.8433,5.75,0.14
193002,1.7451,4.3779,3.4639,1.2229,2.8,0.3
193003,8.6368,10.7647,6.816,5.3421,7.45,0.35
193004,-7.0717,-3.4814,-2.361,-6.6589,-1.85,0.21
193005,-3.6161,-2.9578,0.7061,-1.4054,-1.4,0.26
193006,-17.4935,-18.9287,-17.849,-11.7533,-16,0.27
193007,6.5208,2.4342,4.7058,5.283,4.32,0.2
193008,-3.7646,-2.2723,1.0169,-1.6956,0.39,0.09
193009,-13.6823,-18.7882,-12.3871,-17.1944,-12.53,0.22
193010,-10.1007,-10.6915,-9.3455,-11.5093,-8.69,0.09
193011,0.2231,-2.7361,-2.1847,-6.5408,-2.91,0.13
193012,-10.4113,-17.205,-6.0724,-9.7812,-7.69,0.14
193101,9.8982,14.9795,4.5109,13.6747,6.39,0.15
193102,13.1802,17.4089,12.511,12.1228,10.92,0.04
193103,-4.3393,-7.1311,-4.7492,-8.8363,-6.3,0.13
193104,-12.8802,-17.9722,-8.9215,-11.4677,-9.9,0.08
193105,-9.6516,-13.8027,-11.3507,-20.347,-13.15,0.09
193106,10.1107,20.5193,13.0405,25.2073,13.98,0.08
193107,-8.5867,-5.7543,-5.1707,-12.2143,-6.56,0.06
193108,-1.6114,-3.7141,0.9,0.0531,0.44,0.03
193109,-26.5722,-33.8737,-28.8663,-35.1131,-29.1,0.03
193110,4.2319,5.4616,9.5453,11.7214,8.14,0.1
193111,-7.7335,-9.3774,-6.1307,-14.5665,-8.91,0.17
193112,-13.7987,-22.3956,-11.573,-20.6686,-13.41,0.12
193201,2.4924,10.4927,-3.4315,6.6353,-1.35,0.23
193202,-2.4754,1.3694,7.1096,0.3507,5.69,0.23
193203,-10.5259,-10.62,-10.2077,-14.746,-11.05,0.16
193204,-19.3072,-16.0307,-18.1229,-18.5418,-17.85,0.11
193205,-17.1387,-16.8918,-19.2221,-25.436,-20.45,0.06
193206,0.954,0.9934,-1.7165,8.8476,-0.68,0.02
193207,31.5257,63.1945,28.1983,67.7486,33.87,0.03
193208,46.2878,83.4957,31.3379,62.6122,37.09,0.03
193209,-1.6614,-12.4928,-1.0435,-4.9399,-2.91,0.03
193210,-15.8052,-23.8446,-10.7558,-23.3789,-13.15,0.02
193211,-0.4275,-13.1841,-2.7209,-16.194,-5.86,0.02
193212,-6.9549,-11.112,6.8555,-4.4353,4.41,0.01
193301,5.009,8.045,-0.0131,9.6714,1.26,0.01
193302,-17.3761,-20.862,-14.9526,-17.3652,-15.27,-0.03
193303,6.8621,16.0253,0.96,6.8707,3.33,0.04
193304,40.7625,56.5968,33.766,57.2289,38.95,0.1
193305,59.573,73.3276,16.9982,41.6305,21.47,0.04
193306,32.7005,18.324,11.3873,22.2102,13.13,0.02
193307,-14.1385,-7.2303,-8.8583,-9.2208,-9.61,0.02
193308,10.5585,8.2846,10.5958,18.8615,12.08,0.03
193309,-7.6121,-20.857,-9.1454,-19.3866,-10.63,0.02
193310,-8.4949,-14.0569,-6.1614,-17.7448,-8.35,0.01
193311,4.4492,6.0824,9.69,12.6924,9.99,0.02
193312,4.7702,0.41,2.1093,3.3536,1.85,0.02
193401,21.5203,38.4208,9.8669,24.1368,12.65,0.05
193402,-0.2935,5.14,-2.3815,-3.81,-2.48,0.02
193403,4.7722,-0.0115,-0.0029,-0.62,0.11,0.02
193404,2.8356,-1.7852,-1.778,-4.616,-1.78,0.01
193405,-7.3381,-12.0106,-6.4033,-13.5106,-7.24,0.01
193406,3.7672,-2.3777,2.628,2.8615,2.65,0.01
193407,-18.0226,-24.5454,-8.311,-23.179,-10.95,0.01
193408,10.9235,11.413,6.0718,5.7691,5.59,0.01
193409,-0.9255,-3.4898,-0.2597,-0.105,-0.22,0.01
193410,-0.925,-4.1267,-0.4115,-7.369,-1.65,0.01
193411,17.4218,12.699,10.2402,10.6573,8.34,0.01
193412,4.9409,1.6419,0.7507,-2.2372,0.37,0.01
193501,-5.5523,-3.0507,-3.0099,-9.3128,-3.44,0.01
193502,-3.5225,-6.2649,-0.8581,-12.9875,-1.92,0.02
193503,-5.9234,-11.3866,-2.9715,-7.7499,-3.67,0.01
193504,6.7174,10.6336,8.0311,13.0598,9.07,0.01
193505,-2.6657,1.8238,3.137,3.957,3.48,0.01
193506,5.8129,0.7292,6.3821,8.0813,5.94,0.01
193507,9.6466,13.5159,6.9882,16.9724,7.52,0.01
193508,3.627,14.5997,2.5694,3.7559,2.66,0.01
193509,5.0664,0.4572,4.6757,1.1354,2.64,0.01
193510,11.0819,6.9363,6.6016,6.013,7.04,0.01
193511,6.8537,19.5176,3.0389,14.4929,4.9,0.02
193512,5.8168,1.9862,2.9835,8.7119,4.57,0.01
193601,10.6869,22.3858,3.2881,12.2659,6.9,0.01
193602,2.3177,6.0122,1.9137,7.246,2.5,0.01
193603,0.2531,1.0469,2.6378,-1.0405,1.01,0.02
193604,-14.3456,-15.5467,-7.1563,-10.2541,-8.12,0.02
193605,5.0647,8.8137,5.0578,6.5348,5.21,0.02
193606,-2.1381,-1.158,3.6325,0.2455,2.43,0.03
193607,10.6162,9.1117,5.9223,12.2302,6.68,0.01
193608,0.6495,4.2542,0.2957,4.3352,1.01,0.02
193609,2.2001,4.4729,0.9204,0.4389,0.99,0.01
193610,3.7228,6.4085,6.4131,8.6681,7.14,0.02
193611,10.86,12.3194,3.384,-0.494,3.28,0.01
193612,2.0887,7.8447,-1.8229,1.0214,0.21,0
193701,7.2377,9.7396,3.6113,6.3255,3.36,0.01
193702,3.2555,5.7398,-0.2074,6.9733,1.11,0.02
193703,-3.0335,2.1573,-1.7368,6.0777,-0.26,0.01
193704,-10.1096,-13.4753,-6.8185,-10.7653,-7.33,0.03
193705,-0.3784,-4.1217,0.2448,-2.9785,-0.77,0.06
193706,-7.2258,-10.6078,-4.1508,-7.4383,-4.18,0.03
193707,10.9496,10.7965,9.2027,10.9736,8.94,0.03
193708,-4.6506,-5.5952,-4.21,-7.7724,-4.84,0.02
193709,-20.8407,-23.0629,-12.3496,-19.2657,-13.57,0.04
193710,-10.805,-9.6555,-10.1749,-14.4157,-9.59,0.02
193711,-11.5365,-11.8188,-8.7393,-8.1625,-8.29,0.02
193712,-14.1024,-12.2871,-4.1175,-6.7316,-4.24,0
193801,4.9994,3.739,1.3091,-0.6467,0.49,0
193802,8.4176,4.7774,6.3853,5.995,5.84,0
193803,-29.9354,-30.2127,-23.5181,-30.3243,-23.83,-0.01
193804,22.08,20.4977,13.8077,15.8488,14.52,0.01
193805,-7.4731,-5.5133,-3.5564,-6.0495,-3.83,0
193806,31.2731,27.6117,25.7265,30.0253,23.87,0
193807,13.4073,15.3633,6.7739,9.2224,7.33,-0.01
193808,-4.6028,-9.2856,-0.4265,-5.1808,-2.67,0
193809,-1.8733,-2.7862,1.3521,-0.971,0.83,0.02
193810,14.0911,16.9041,6.9335,14.1797,7.81,0.01
193811,-5.2001,-5.9225,-1.1511,-2.8592,-1.78,-0.06
193812,6.0128,1.5522,3.3432,8.8637,4.19,0
193901,-8.0482,-10.1457,-5.225,-11.0166,-5.97,-0.01
193902,3.9084,6.2899,3.3739,6.8947,3.52,0.01
193903,-17.785,-22.8516,-9.8064,-21.3665,-12,-0.01
193904,-0.4839,1.9743,-0.1313,-3.1968,-0.18,0
193905,11.2711,9.8655,6.8876,9.2768,6.81,0.01
193906,-6.8211,-10.6753,-4.3922,-11.3783,-5.3,0.01
193907,16.1292,13.6444,11.3137,13.7364,10.24,0
193908,-12.3681,-12.61,-6.309,-10.9033,-6.69,-0.01
193909,37.6978,54.9528,13.5797,40.771,16.89,0.01
193910,0.4561,-5.0048,0.028,-4.2992,-0.53,0
193911,-7.8325,-13.814,-2.6176,-9.5542,-3.62,0
193912,5.9303,0.3533,3.5574,1.0169,3.03,0
194001,-4.1988,-2.8359,-2.1568,-5.1435,-2.41,0
194002,4.0588,3.1638,1.2492,1.489,1.44,0
194003,4.6939,2.2805,2.3725,2.2556,2.05,0
194004,4.7401,4.0917,-0.1263,0.2697,0.22,0
194005,-27.7724,-32.4317,-22.0718,-24.7879,-21.97,-0.02
194006,4.4242,7.9843,4.9455,10.6339,6.67,0
194007,4.717,3.3227,3.3873,3.299,3.17,0.01
194008,2.0524,1.8886,2.1928,3.4847,2.18,-0.01
194009,5.3698,5.2039,3.1522,1.0582,2.39,0
194010,4.2145,6.2944,0.8953,8.0971,3.02,0
194011,1.1473,0.1738,-1.9212,-0.7062,-1.61,0
194012,-0.8918,-2.2785,0.5934,0.1971,0.69,0
194101,-4.4429,-0.3066,-5.0365,-1.5198,-4.18,-0.01
194102,-3.4695,-2.8879,-1.5847,-0.389,-1.44,-0.01
194103,0.5236,3.7745,0.5444,3.378,0.85,0.01
194104,-7.5563,-5.2001,-6.497,-2.035,-5.47,-0.01
194105,1.7628,1.5458,0.9481,2.3634,1.39,0
194106,4.1184,8.46,6.1753,3.0109,5.83,0
194107,10.4387,18.5406,3.7262,10.1236,5.9,0.03
194108,-1.1591,-0.3954,0.6862,-2.2697,-0.16,0.01
194109,-3.0405,-1.9489,-0.0105,-1.6652,-0.86,0.01
194110,-5.8203,-6.0101,-6.0976,-2.6528,-5.25,0
194111,-1.0629,-2.921,-2.2704,-1.6913,-1.92,0
194112,-5.4399,-12.6548,-4.6824,-9.3443,-4.86,0.01
194201,6.7111,14.4866,-1.7916,10.6422,0.81,0.02
194202,0.5247,-1.7045,-2.3068,-2.3449,-2.45,0.01
194203,-4.7636,-5.7196,-5.83,-6.1045,-6.57,0.01
194204,-6.1855,-3.7407,-4.5876,-2.8527,-4.36,0.01
194205,0.1524,1.65,7.4477,0.6445,5.97,0.03
194206,1.0092,2.3613,3.0527,2.7837,2.71,0.02
194207,5.168,5.1245,2.6864,7.5371,3.54,0.03
194208,2.2429,2.5306,1.7161,4.1208,1.83,0.03
194209,2.1868,5.9093,2.6162,3.6029,2.64,0.03
194210,8.291,14.3301,5.3109,12.0528,6.85,0.03
194211,-1.0955,-4.0203,1.0982,-4.3893,0.18,0.03
194212,2.6024,2.6673,4.8847,5.9799,5.15,0.03
194301,11.6914,23.7079,5.3474,9.6978,7.16,0.03
194302,10.8494,17.2581,4.8117,11.1942,6.18,0.03
194303,10.9334,14.9645,4.1328,11.0704,6.04,0.03
194304,-0.9484,8.082,-0.104,2.5081,0.84,0.03
194305,8.8391,13.2307,5.0198,7.127,5.77,0.03
194306,-0.2795,0.4921,2.1659,-0.0012,1.85,0.03
194307,-5.1017,-9.0831,-4.7635,-5.3674,-4.74,0.03
194308,0.3567,0.7947,1.5042,0.2076,1.33,0.03
194309,2.9396,5.4108,2.1982,2.5796,2.43,0.03
194310,-0.6832,0.7552,-1.4439,0.3902,-1.12,0.03
194311,-7.0715,-10.5743,-4.76,-9.3027,-5.88,0.03
194312,7.2024,12.0698,5.6723,7.2768,6.39,0.03
194401,5.0015,5.2702,0.8163,4.8589,1.77,0.03
194402,1.3581,0.6429,0.0507,2.4419,0.4,0.03
194403,2.0085,7.6668,2.2053,3.4078,2.48,0.02
194404,-1.9868,-4.0867,-1.3977,-1.5758,-1.66,0.03
194405,5.8092,7.0391,4.6074,5.46,5.1,0.03
194406,9.3865,10.4388,4.9317,7.3889,5.52,0.03
194407,0.2144,-1.4495,-1.6579,-0.8375,-1.46,0.03
194408,4.5761,1.8145,1.3605,1.146,1.6,0.03
194409,1.5805,-0.1685,0.3319,-0.2435,0.03,0.02
194410,0.1784,-0.4625,-0.0654,-0.0829,0.19,0.03
194411,0.9635,3.7163,1.1612,3.1649,1.74,0.03
194412,6.0143,10.6257,2.4976,9.6992,4.05,0.02
194501,5.4526,4.1302,0.7604,3.4172,2.04,0.03
194502,6.6597,10.502,5.1483,9.9868,6.25,0.02
194503,-4.406,-6.364,-3.1965,-4.7147,-3.87,0.02
194504,7.6035,9.9806,6.7601,10.8652,7.83,0.03
194505,2.8106,4.1159,2.0098,1.4259,1.76,0.03
194506,3.0464,6.7503,-1.2111,3.4995,0.41,0.02
194507,-3.0594,-5.4735,-1.4266,-4.2511,-2.14,0.03
194508,7.761,4.813,8.5886,3.0064,6.23,0.03
194509,6.563,6.3306,4.5548,5.634,4.8,0.03
194510,6.1752,7.1985,2.3629,5.6065,3.92,0.03
194511,9.342,11.428,2.8819,8.7155,5.41,0.02
194512,4.0814,1.6692,1.7707,-0.3677,1.23,0.03
194601,9.6521,12.2513,6.0984,8.4635,6.27,0.03
194602,-6.2301,-7.3297,-5.8802,-7.7026,-5.8,0.03
194603,6.5063,5.6932,5.1627,4.8957,5.9,0.03
194604,4.3708,6.3104,3.7606,2.4607,4.26,0.03
194605,6.7327,5.839,3.1851,6.645,3.96,0.03
194606,-4.6884,-5.9474,-4.4139,-3.9433,-3.86,0.03
194607,-4.823,-5.0232,-2.7259,-2.3882,-2.66,0.03
194608,-8.496,-7.5082,-6.3142,-6.1978,-6.41,0.03
194609,-13.9706,-15.7756,-9.7783,-11.8073,-10.14,0.03
194610,-3.1786,0.7589,-2.5023,0.48,-1.41,0.03
194611,-1.5735,1.3003,-0.2321,-0.1738,0.02,0.03
194612,5.7084,4.3376,5.2767,3.9343,4.99,0.03
194701,4.5305,3.2753,2.1741,1.9613,1.28,0.03
194702,-1.2703,0.873,0.071,-1.7817,-1.05,0.03
194703,-3.3564,-2.3985,-1.793,-1.5219,-1.64,0.03
194704,-9.3357,-8.095,-5.1304,-4.6654,-4.77,0.03
194705,-5.22,-3.6097,-1.1203,-2.0662,-0.94,0.03
194706,4.3188,5.0277,6.4523,4.5555,5.32,0.03
194707,5.2344,7.0484,3.5118,7.3342,4.17,0.03
194708,-1.8585,-1.1507,-1.8587,-2.1997,-1.71,0.03
194709,0.4098,2.6373,-0.6744,-0.1814,-0.48,0.06
194710,3.5397,2.9041,2.2304,3.0043,2.53,0.06
194711,-4.4555,-2.5478,-2.0816,-1.7796,-1.91,0.06
194712,0.1759,3.0769,2.0173,6.5408,3.08,0.08
194801,-1.7489,-0.1724,-4.539,-3.336,-3.86,0.07
194802,-5.9905,-5.811,-4.6491,-4.6973,-4.31,0.07
194803,6.4133,12.234,7.8154,11.0026,8.16,0.09
194804,1.2935,4.686,2.2742,7.0963,3.73,0.08
194805,9.3433,7.4827,8.505,7.8323,7.38,0.08
194806,-2.8594,0.4448,-0.6228,1.7011,-0.01,0.09
194807,-5.0394,-5.4277,-5.0109,-4.3526,-5.01,0.08
194808,-1.2187,-0.3647,0.877,0.5907,0.34,0.09
194809,-2.9725,-5.4006,-2.7272,-3.726,-2.93,0.04
194810,4.065,5.3752,6.4318,6.2724,6,0.04
194811,-9.6917,-12.909,-8.3439,-13.3862,-9.26,0.04
194812,1.377,0.1269,4.9312,2.2947,3.3,0.04
194901,1.2533,2.9558,0.5644,1.3304,0.33,0.1
194902,-5.4013,-5.5692,-2.4792,-4.0374,-2.84,0.09
194903,6.3941,8.151,4.2292,5.0451,4.14,0.1
194904,-1.6677,-3.3838,-2.076,-2.6169,-1.78,0.09
194905,-3.8322,-5.1082,-1.8599,-5.3144,-2.84,0.1
194906,-1.3849,-1.1187,1.1072,-2.4522,0.2,0.1
194907,6.4991,5.7226,5.2446,6.761,5.63,0.09
194908,3.2778,2.0828,2.7176,2.8063,2.69,0.09
194909,5.4115,4.0587,2.6496,4.3781,3.18,0.09
194910,5.086,4.1293,3.2656,3.2714,3.23,0.09
194911,0.4606,0.0258,2.9316,1.4372,1.9,0.08
194912,6.939,8.811,5.3244,6.9841,5.22,0.09
195001,7.2216,4.6281,0.8634,3.6993,1.79,0.09
195002,1.6427,0.576,1.5742,1.0643,1.57,0.09
195003,2.4311,-2.0218,1.921,0.7578,1.36,0.1
195004,5.809,7.3816,4.3505,5.3842,4.03,0.09
195005,1.6118,3.0579,4.6314,4.1046,4.41,0.1
195006,-7.052,-8.9044,-5.457,-5.0086,-5.84,0.1
195007,0.9915,11.6038,-3.4767,13.0375,1.46,0.1
195008,4.5476,5.0419,6.0952,2.6001,4.95,0.1
195009,5.7172,4.9267,5.7728,4.4333,4.91,0.1
195010,-0.3128,0.3019,-0.1764,1.8064,-0.06,0.12
195011,0.2887,5.0141,2.4046,4.3401,2.87,0.11
195012,5.1974,12.476,3.3433,10.792,5.65,0.11
195101,6.7818,10.6312,5.162,8.5984,5.83,0.13
195102,1.8111,-0.2098,2.2422,-1.4461,1.51,0.1
195103,-1.5113,-5.6968,-0.7124,-4.7251,-2.04,0.11
195104,2.193,6.4513,4.4209,6.7054,4.99,0.13
195105,-1.7383,-3.3139,-2.3408,-3.5148,-2.22,0.12
195106,-3.9528,-7.1987,-2.1913,-6.4549,-2.5,0.12
195107,5.3862,6.7646,6.7108,9.4515,7.07,0.13
195108,5.9784,5.0422,4.2212,4.8958,4.4,0.13
195109,2.3972,2.7886,0.5856,1.462,0.82,0.12
195110,-2.0489,-3.3423,-3.7969,-2.0471,-2.37,0.16
195111,0.3986,0.3477,0.7789,0.708,0.68,0.11
195112,1.1428,0.5911,4.2486,1.6217,3.45,0.12
195201,1.6799,1.4297,0.4224,3.7717,1.6,0.15
195202,-2.0438,-1.9656,-2.176,-3.476,-2.5,0.12
195203,1.2554,3.3327,4.371,6.627,4.55,0.11
195204,-4.7813,-4.1123,-4.652,-5.5171,-4.85,0.12
195205,2.2833,2.7053,3.7903,3.4577,3.33,0.13
195206,1.6669,3.3299,3.9018,4.7258,3.98,0.15
195207,0.9702,-0.1746,1.2211,1.6605,1.06,0.15
195208,0.0304,0.2266,-0.7879,-0.9709,-0.61,0.15
195209,0.1735,-2.1912,-1.6986,-2.3742,-1.87,0.16
195210,-0.7374,-1.9705,-0.7482,-0.4279,-0.52,0.14
195211,5.5155,6.0762,6.2609,7.642,6.04,0.1
195212,1.9113,1.7299,3.1486,3.7045,3.09,0.16
195301,3.7943,3.9666,-0.9102,1.5482,-0.18,0.16
195302,1.3219,1.7434,-0.2122,-0.8049,-0.13,0.14
195303,-1.7287,-2.0624,-1.2085,-2.5659,-1.25,0.18
195304,-3.0868,-1.0693,-2.9693,-1.8519,-2.67,0.16
195305,0.7109,0.7102,0.8917,1.3513,0.69,0.17
195306,-3.1979,-3.9949,-1.7001,-1.8494,-1.71,0.18
195307,0.8551,1.5137,2.9809,1.8848,2.55,0.15
195308,-3.2764,-6.3306,-3.9714,-7.9756,-4.35,0.17
195309,0.0385,-2.2912,0.8979,-1.6532,0.36,0.16
195310,3.142,3.0779,5.083,4.6557,4.73,0.13
195311,1.5292,1.2857,3.352,3.2942,2.91,0.08
195312,0.2591,-2.7596,0.528,-2.1293,0.16,0.13
195401,4.7348,8.1997,4.4643,7.8701,5.24,0.11
195402,1.0862,1.408,1.6515,0.754,1.74,0.07
195403,2.6329,2.1357,4.244,1.746,3.73,0.08
195404,-0.2482,0.3977,5.3108,3.9896,4.36,0.09
195405,3.9802,5.1167,2.8614,6.6242,3.14,0.05
195406,0.5735,1.3752,1.8428,1.0571,1.13,0.06
195407,5.5421,9.1082,4.295,8.9941,5.04,0.05
195408,-0.1185,-0.887,-2.9947,-4.9917,-2.29,0.05
195409,2.8897,4.6674,6.8828,6.4643,6.48,0.09
195410,0.5601,-0.7137,-2.2614,0.3434,-1.6,0.07
195411,7.0826,9.6613,9.5778,15.7986,9.44,0.06
195412,7.5331,11.3905,4.2803,11.744,5.56,0.08
195501,1.5894,2.3861,0.0723,3.5499,0.68,0.08
195502,3.8044,4.6345,3.0684,3.4022,3.11,0.09
195503,-0.778,0.6753,-0.2787,2.2127,-0.06,0.1
195504,1.6264,2.6442,4.0887,4.4324,3.21,0.1
195505,0.5818,0.4058,1.9461,0.1997,1.07,0.14
195506,2.1083,3.5315,6.5865,8.8422,6.65,0.1
195507,-1.6321,1.306,2.6436,0.396,2,0.1
195508,-0.0701,0.2659,0.3402,1.4474,0.37,0.16
195509,-0.7222,-0.3441,0.0578,-2.299,-0.2,0.16
195510,-1.4384,-1.2686,-2.8186,-3.2838,-2.5,0.18
195511,5.9972,5.2657,8.3322,9.7196,7.2,0.17
195512,3.4725,2.5601,1.9789,-1.7027,1.67,0.18
195601,-2.3277,-1.7034,-3.6267,-2.3554,-2.81,0.22
195602,1.9377,2.3804,4.7654,3.46,3.96,0.19
195603,3.4322,5.1882,7.8836,5.1985,6.79,0.15
195604,1.2824,0.0938,0.107,0.8141,0.47,0.19
195605,-3.398,-4.5065,-5.1203,-6.625,-4.97,0.23
195606,1.0128,1.3162,4.3047,1.7512,3.68,0.2
195607,3.3517,3.4705,5.0829,4.8851,5.06,0.22
195608,-0.2685,-2.1439,-3.5272,-3.129,-3.01,0.17
195609,-3.3845,-2.1313,-5.9383,-3.6745,-4.96,0.18
195610,1.1872,0.4057,0.6819,1.3341,0.77,0.25
195611,-0.3115,2.2516,-0.3983,0.591,0.56,0.2
195612,4.3647,2.2078,3.8264,1.6819,3.4,0.24
195701,-0.7927,2.0202,-4.4516,-1.6359,-3.31,0.27
195702,-2.8013,-2.7095,-1.5275,-3.0645,-1.82,0.24
195703,2.2189,2.2445,2.7044,1.7164,2.36,0.23
195704,2.2226,2.332,5.6088,2.6036,4.51,0.25
195705,3.0121,1.7131,4.7371,1.8302,3.71,0.26
195706,0.0903,0.7272,-0.1233,-0.7328,-0.5,0.24
195707,-0.6273,0.4256,1.2811,1.0783,0.96,0.3
195708,-4.9836,-5.1912,-5.4514,-6.0634,-4.86,0.25
195709,-7.1005,-5.0458,-6.3295,-6.5429,-5.72,0.26
195710,-8.1775,-8.2617,-3.771,-7.2925,-4.03,0.29
195711,3.2423,1.0946,3.0955,-0.5021,2.58,0.28
195712,-4.601,-5.8678,-3.9214,-5.8875,-3.67,0.24
195801,12.2097,11.9178,3.3984,12.0687,4.94,0.28
195802,-1.6496,-0.5017,-1.8071,-2.2917,-1.4,0.12
195803,5.0565,3.1135,3.4064,3.4058,3.36,0.09
195804,2.948,4.3224,3.332,5.1872,3.17,0.08
195805,6.4635,4.2645,2.0583,3.7347,2.42,0.11
195806,2.1201,2.991,3.1465,3.0753,2.96,0.03
195807,4.2272,7.1336,4.3856,7.609,4.46,0.07
195808,4.3354,3.2318,1.7085,3.5333,1.95,0.04
195809,5.5017,7.7889,4.7619,8.1716,4.85,0.19
195810,6.9335,3.0463,2.607,4.1345,2.71,0.18
195811,7.6723,4.0856,3.3185,4.5387,3.12,0.11
195812,2.7461,3.8361,4.975,3.9448,5.37,0.22
195901,4.4917,5.6035,-0.6209,4.0781,0.92,0.21
195902,2.3973,2.9076,0.4613,2.2671,1.14,0.19
195903,1.606,1.7328,0.7407,-0.0759,0.5,0.22
195904,3.777,2.1226,4.7089,3.8935,3.86,0.2
195905,-1.407,1.3377,2.7434,3.5877,1.95,0.22
195906,1.7232,1.8299,-0.3827,2.1358,0,0.25
195907,2.1952,3.5632,3.9908,3.0828,3.42,0.25
195908,-1.8317,-1.913,-1.3549,-0.3839,-1.2,0.19
195909,-5.3951,-3.995,-5.0254,-5.3237,-4.49,0.31
195910,3.9778,1.1012,1.4464,0.1319,1.58,0.3
195911,3.8377,0.5945,3.0126,-0.1725,1.86,0.26
195912,3.426,2.1134,2.9781,4.16,2.79,0.34
196001,-5.8167,-2.8628,-8.2071,-5.5931,-6.65,0.33
196002,2.0494,0.5956,1.3139,-1.0929,1.46,0.29
196003,-2.2401,-3.9046,-0.8789,-5.0967,-1.28,0.35
196004,0.1366,-2.9882,-1.5721,-3.0143,-1.52,0.19
196005,5.2614,2.451,4.31,-0.2716,3.39,0.27
196006,2.3744,1.4522,2.5669,2.7993,2.32,0.24
196007,-3.2061,-1.4318,-3.4769,-1.2884,-2.24,0.13
196008,4.1735,4.1669,2.7378,2.3875,3.18,0.17
196009,-7.6558,-6.0058,-6.7352,-5.148,-5.83,0.16
196010,-6.7183,-2.762,-0.614,1.0929,-0.49,0.22
196011,6.5493,3.1327,5.4248,3.9773,4.82,0.13
196012,4.1529,2.4035,3.5644,3.6988,4.87,0.16
196101,7.4118,9.6199,4.9162,10.1383,6.39,0.19
196102,7.771,7.3587,4.0441,3.1417,3.71,0.14
196103,7.362,5.9946,2.1715,2.075,3.09,0.2
196104,1.136,2.3956,-0.3161,2.6644,0.46,0.17
196105,3.5699,4.8259,3.1987,2.6756,2.58,0.18
196106,-5.8585,-5.5313,-2.2745,-2.8821,-2.88,0.2
196107,-0.5142,1.3313,3.1593,1.1407,3.01,0.18
196108,0.7691,1.1012,3.2055,2.3077,2.71,0.14
196109,-4.6924,-3.3019,-1.176,-3.7784,-1.98,0.17
196110,0.8745,0.2788,2.2585,3.1468,2.76,0.19
196111,6.5024,4.7062,4.8918,4.2212,4.6,0.15
196112,-1.2784,0.3555,-0.2199,1.7303,0.01,0.19
196201,-2.605,2.2592,-5.0016,0.3934,-3.63,0.24
196202,0.7054,1.7967,1.8606,2.4047,2.01,0.2
196203,0.4216,-0.5598,-0.3751,-2.1517,-0.48,0.2
196204,-6.3111,-6.8347,-6.6656,-6.0788,-6.37,0.22
196205,-12.252,-9.5501,-9.0826,-6.2353,-8.41,0.24
196206,-9.7765,-7.059,-9.0125,-6.6288,-8.27,0.2
196207,8.943,6.5163,7.8649,3.4812,6.55,0.27
196208,4.5675,2.4273,2.7447,2.494,2.36,0.23
196209,-8.0572,-6.193,-5.0148,-4.314,-5.01,0.21
196210,-4.9603,-2.0999,0.5823,0.3196,0.2,0.25
196211,14.9374,14.3781,11.3537,13.8057,11.07,0.2
196212,-3.5883,-2.179,1.5329,0.8372,1.24,0.23
196301,7.6553,9.819,4.9537,7.2031,5.18,0.25
196302,-2.5588,0.001,-2.7851,-0.9838,-2.15,0.23
196303,-0.0316,2.4028,3.4082,5.0932,3.31,0.23
196304,3.6602,4.8496,4.9908,5.7941,4.76,0.25
196305,1.8071,5.4639,2.252,3.682,2,0.24
196306,-1.2773,-1.7731,-2.326,-0.332,-1.77,0.23
196307,-0.996,-1.1202,-0.0411,-1.8554,-0.12,0.27
196308,4.5361,5.7786,5.389,7.7374,5.32,0.25
196309,-3.0338,-1.9949,-1.0644,-1.85,-1.3,0.27
196310,1.2001,2.7144,3.8445,2.1333,2.82,0.29
196311,-2.9288,-0.3615,-0.2458,0.6863,-0.58,0.27
196312,0.26,0.1898,2.0405,2.0776,2.12,0.29
196401,0.8461,3.9545,2.6865,2.5345,2.54,0.3
196402,1.5955,4.1435,1.4253,4.4977,1.8,0.26
196403,0.5705,5.1951,0.9246,3.1099,1.72,0.31
196404,-1.7606,-1.4626,0.4194,-1.2104,0.39,0.29
196405,0.9717,2.0641,1.5106,4.1377,1.68,0.26
196406,1.3983,1.9892,1.6666,2.3232,1.57,0.3
196407,1.5138,2.6263,1.9299,2.3212,2.04,0.3
196408,-1.4974,-1.2129,-1.2341,-1.3608,-1.16,0.28
196409,3.3709,3.5648,2.3822,5.5787,2.97,0.28
196410,1.1,2.341,0.2758,1.3829,0.88,0.29
196411,-0.1715,0.0818,0.4912,-3.681,0.29,0.29
196412,0.3628,-1.5316,1.1149,-1.9539,0.34,0.31
196501,7.0003,6.6399,3.9591,4.5649,3.82,0.28
196502,3.7212,4.3507,0.601,0.1864,0.74,0.3
196503,0.8913,1.5186,-1.1241,0.314,-0.98,0.36
196504,3.1183,5.2843,3.8016,2.9536,3.42,0.31
196505,-0.1126,-1.3166,-0.2667,-2.2744,-0.46,0.31
196506,-9.9226,-8.5618,-4.5515,-4.727,-5.16,0.35
196507,2.5334,4.1342,1.3395,4.1297,1.74,0.31
196508,6.6726,5.0715,2.9019,2.504,3.06,0.33
196509,3.8881,3.8147,3.7823,3.5859,3.17,0.31
196510,5.9453,6.3906,2.8072,5.4895,2.91,0.31
196511,4.0876,4.68,-0.0039,-0.2972,0.32,0.35
196512,3.8682,4.7121,0.842,4.0673,1.34,0.33
196601,4.2813,6.9633,-0.1714,4.269,1.1,0.38
196602,3.6803,3.3582,-1.6233,-0.6484,-0.86,0.35
196603,-0.4175,-1.9266,-1.5547,-4.0093,-2.13,0.38
196604,5.6851,5.6828,2.459,1.5507,2.48,0.34
196605,-9.9429,-10.3674,-4.2114,-7.0464,-5.25,0.41
196606,0.8269,-0.0157,-1.9931,-0.1531,-1.06,0.38
196607,-2.1391,-0.72,-1.6477,-1.1721,-1.28,0.35
196608,-11.1093,-10.4844,-7.6265,-7.3849,-7.5,0.41
196609,-2.0728,-1.4406,-0.9883,-0.5054,-0.66,0.4
196610,-3.6037,-0.1041,3.3124,5.1947,4.31,0.45
196611,7.7252,2.609,3.7009,-0.5612,1.8,0.4
196612,3.3601,0.7822,-0.3564,-0.1645,0.53,0.4
196701,17.8461,17.6522,7.8965,12.6306,8.58,0.43
196702,4.705,3.1331,1.9857,-0.8887,1.14,0.36
196703,5.9768,5.5722,4.3075,5.461,4.38,0.39
196704,5.5597,3.4647,6.001,3.1401,4.21,0.32
196705,-1.73,-2.2992,-4.9525,-2.1994,-4,0.33
196706,9.649,8.2267,1.4707,4.5906,2.68,0.27
196707,7.0273,10.2558,4.9185,7.1492,4.89,0.31
196708,-0.3555,0.4821,-0.7586,1.29,-0.58,0.31
196709,6.8718,4.5936,3.7985,1.0866,3.43,0.32
196710,-0.8656,-3.4492,-1.5154,-5.5375,-2.7,0.39
196711,1.2999,-0.8663,1.0867,-0.1409,0.73,0.36
196712,11.0819,8.1061,2.1451,4.0608,3.38,0.33
196801,-1.405,3.4917,-6.151,-1.4448,-3.66,0.4
196802,-7.4998,-4.9376,-3.3073,-3.3115,-3.36,0.39
196803,-0.7159,-0.4988,1.8364,0.4382,0.58,0.38
196804,17.2535,13.2204,10.2455,12.0217,9.48,0.43
196805,9.6046,8.8094,2.4723,4.9767,2.73,0.45
196806,-0.2087,1.5647,-0.0179,-0.3301,1.12,0.43
196807,-5.6047,0.2387,-4.5169,0.4228,-2.24,0.48
196808,3.9146,4.6678,1.1224,2.3848,1.76,0.42
196809,7.4185,6.5425,3.3287,4.8116,4.46,0.43
196810,-0.5614,1.3332,-0.6203,3.1968,0.86,0.44
196811,8.5717,6.7563,5.5073,5.4733,5.85,0.42
196812,0.3302,-1.0953,-4.8652,-3.4555,-3.51,0.43
196901,-1.8141,-0.7065,-1.8167,0.4064,-0.72,0.53
196902,-10.3301,-7.4858,-3.952,-4.9845,-5.38,0.46
196903,3.1033,3.1831,3.8919,2.7972,3.1,0.46
196904,0.835,1.1374,3.2394,2.874,1.99,0.53
196905,-0.2338,0.0718,-0.1839,0.9152,0.38,0.48
196906,-12.2122,-10.9413,-3.4067,-6.847,-6.67,0.51
196907,-11.1679,-7.4247,-4.7347,-6.0828,-6.47,0.53
196908,7.3305,3.8237,6.7198,2.6459,5.18,0.5
196909,-0.4689,-2.8037,-0.5804,-4.7781,-2.36,0.62
196910,10.9353,7.2155,6.3133,3.7212,5.66,0.6
196911,-5.4549,-6.3987,-2.0767,-3.5055,-3.27,0.52
196912,-5.1118,-6.3757,0.0964,-4.3616,-1.99,0.64
197001,-6.0263,-2.2378,-8.0937,-5.624,-7.5,0.6
197002,2.5541,6.1774,3.8115,8.0565,5.75,0.62
197003,-5.0571,0.0746,-1.7482,1.0942,-0.49,0.57
197004,-20.5958,-11.2213,-10.5147,-7.5195,-10.5,0.5
197005,-11.109,-8.0596,-7.8109,-4.2061,-6.39,0.53
197006,-8.6821,-6.0213,-5.4642,-6.9337,-5.21,0.58
197007,7.6004,6.716,5.2034,7.8949,7.45,0.52
197008,6.124,6.6583,4.1249,5.8857,5.02,0.53
197009,17.0959,9.486,7.201,3.8662,4.72,0.54
197010,-6.7082,-4.0544,-0.6637,-2.8685,-1.82,0.46
197011,0.5113,2.6207,5.093,6.3668,5.06,0.46
197012,7.7683,9.3216,5.3845,5.8366,6.14,0.42
197101,10.4614,12.5174,4.6644,5.2684,5.22,0.38
197102,4.5227,2.3794,2.3764,2.0632,1.74,0.33
197103,8.9358,4.8168,5.8231,2.0489,4.43,0.3
197104,3.0747,3.2397,3.9165,5.1225,3.43,0.28
197105,-4.0241,-5.101,-2.7531,-4.5471,-3.69,0.29
197106,0.2361,-2.2472,1.1456,-0.1057,0.27,0.37
197107,-6.6487,-5.8546,-4.12,-4.8713,-4.1,0.4
197108,4.3212,6.5584,5.4943,8.5176,4.26,0.47
197109,0.9006,-2.0224,0.3621,-2.5391,-0.48,0.37
197110,-5.9435,-6.5569,-3.903,-4.2427,-4.05,0.37
197111,-2.9587,-4.0116,0.8546,-1.4552,-0.09,0.37
197112,13.4551,12.1094,8.9589,9.5107,9.08,0.37
197201,8.4904,10.4402,2.6593,5.1822,2.78,0.29
197202,4.6709,2.6495,4.5391,0.9714,3.12,0.25
197203,1.5779,-0.3992,2.1897,0.9517,0.9,0.27
197204,0.57,0.5068,0.7895,1.0984,0.58,0.29
197205,-1.7869,-2.6628,2.9429,-1.5729,1.55,0.3
197206,-3.4413,-3.1362,-1.069,-6.3332,-2.14,0.29
197207,-5.0804,-2.0216,0.5997,-1.1332,-0.49,0.31
197208,-0.7688,2.5455,1.4867,7.2568,3.55,0.29
197209,-3.3998,-3.1707,-0.4838,0.2109,-0.8,0.34
197210,-2.5724,-1.0162,0.5178,1.6455,0.92,0.4
197211,3.3834,6.3656,2.9687,9.6877,4.97,0.37
197212,-1.1684,-2.3004,2.6574,-0.5868,0.99,0.37
197301,-7.8787,-3.6856,-2.6064,-1.4416,-2.85,0.44
197302,-10.9375,-5.8766,-3.0484,-4.9156,-4.44,0.41
197303,-3.99,-1.2382,-1.2331,1.2628,-0.84,0.46
197304,-11.1364,-4.9955,-6.0701,-1.3817,-5.16,0.52
197305,-10.6173,-7.3584,-0.8841,-3.3242,-2.43,0.51
197306,-5.079,-2.6949,-0.8934,-0.8809,-1.06,0.51
197307,18.2569,9.0944,6.4208,4.9684,5.69,0.64
197308,-3.8969,-4.0378,-3.2396,-0.6193,-3.12,0.7
197309,10.9147,8.5459,2.2473,8.6341,5.43,0.68
197310,-2.3992,0.8485,-0.1351,0.4996,-0.18,0.65
197311,-22.6489,-16.228,-12.4865,-11.1645,-12.19,0.56
197312,-2.3418,-1.4183,-1.1773,5.5955,1.25,0.64
197401,7.5298,13.8461,-1.0406,4.6894,0.46,0.63
197402,0.0167,1.8631,-1.0556,2.7251,0.11,0.58
197403,-0.369,0.4842,-1.7118,-3.2064,-2.25,0.56
197404,-6.2809,-3.6342,-3.4024,-4.3396,-4.54,0.75
197405,-7.0049,-6.8701,-1.8453,-6.0298,-3.93,0.75
197406,-3.2122,-1.1188,-2.0779,-2.6309,-2.23,0.6
197407,-6.7549,-2.9998,-9.3475,-2.7774,-7.35,0.7
197408,-9.6682,-7.3539,-10.0804,-7.1175,-8.75,0.6
197409,-11.8584,-7.3086,-13.7822,-7.1654,-10.96,0.81
197410,14.4237,8.0211,21.2435,7.8997,16.61,0.51
197411,-5.1519,-5.5397,-3.9602,-3.9793,-3.97,0.54
197412,-7.2362,-7.6673,-3.292,-2.6375,-2.75,0.7
197501,24.8048,30.6945,10.6122,21.2771,14.24,0.58
197502,6.6106,3.782,8.1765,2.1213,5.99,0.43
197503,7.8014,8.3282,2.9335,7.1633,3.07,0.41
197504,6.4775,3.1197,5.765,6.8476,4.67,0.44
197505,10.3329,6.8819,5.6927,0.9427,5.63,0.44
197506,7.0232,6.415,4.2499,7.6177,5.24,0.41
197507,-2.9921,-2.5589,-7.4851,-4.5331,-6.11,0.48
197508,-4.6391,-6.7043,-2.1928,-2.0229,-2.37,0.48
197509,-4.0116,-3.4014,-3.9917,-3.8172,-3.73,0.53
197510,1.3529,1.943,6.5434,6.522,5.87,0.56
197511,1.221,3.8098,2.9993,4.475,3.05,0.41
197512,-1.4989,-0.8743,-1.7778,0.9831,-1.12,0.48
197601,14.9242,24.7673,10.884,18.2942,12.63,0.47
197602,6.658,12.4205,-1.3254,4.6546,0.66,0.34
197603,1.333,1.8617,2.9741,2.2018,2.72,0.4
197604,-1.0072,-1.3187,-1.621,-1.6344,-1.07,0.42
197605,-0.8109,-3.6025,-0.6358,-0.5715,-0.97,0.37
197606,3.9466,3.8136,4.3724,5.9218,4.48,0.43
197607,-1.1302,0.7167,-1.2322,0.3881,-0.6,0.47
197608,-3.4817,-1.3246,-0.3685,-0.9139,-0.14,0.42
197609,3.5291,2.2499,2.206,2.8993,2.51,0.44
197610,-2.6845,-2.0667,-2.3694,-3.3552,-2.01,0.41
197611,3.6512,3.9432,-0.6832,2.0466,0.76,0.4
197612,9.6061,10.1071,4.7254,8.7706,6.05,0.4
197701,0.721,3.0991,-6.3823,-0.2155,-3.69,0.36
197702,-1.0278,0.0031,-1.8193,-1.918,-1.59,0.35
197703,0.2648,0.2314,-1.7071,0.4974,-0.99,0.38
197704,1.144,2.4533,-1.1247,4.3186,0.53,0.38
197705,-0.7265,0.6382,-1.9168,-1.5795,-1.08,0.37
197706,7.4918,6.8343,5.6656,4.8443,5.11,0.4
197707,0.0847,0.5665,-1.5588,-3.155,-1.27,0.42
197708,0.691,-1.5152,0.2495,-2.9398,-1.31,0.44
197709,1.6105,0.5531,-0.7059,-0.6902,0.16,0.43
197710,-3.8335,-1.5761,-4.4278,-3.1847,-3.89,0.49
197711,8.3539,8.115,4.0768,4.8404,4.5,0.5
197712,3.1208,1.5802,0.1735,1.1438,0.76,0.49
197801,-4.6778,-1.1427,-6.4466,-3.2682,-5.52,0.49
197802,1.6302,2.4814,-2.6288,-1.8122,-0.92,0.46
197803,6.4492,7.1277,2.2355,3.9137,3.38,0.53
197804,9.9575,7.2061,11.0834,6.7563,8.42,0.54
197805,7.0761,5.8959,1.9154,2.0615,2.27,0.51
197806,-0.9738,0.3601,-1.3715,-1.5694,-1.15,0.54
197807,7.0202,5.7853,6.9962,5.9214,5.67,0.56
197808,8.2359,8.7076,3.5456,2.0514,4.31,0.56
197809,-1.8909,-0.6268,-2.5719,-0.0583,-0.81,0.62
197810,-23.1152,-18.6611,-9.8736,-11.5666,-11.23,0.68
197811,8.8022,4.3691,2.8781,3.0173,3.41,0.7
197812,3.0807,1.9966,2.7949,-0.3788,1.66,0.78
197901,8.5569,9.6098,3.4154,6.7362,5,0.77
197902,-3.4551,-1.9317,-3.6978,-2.8845,-2.83,0.73
197903,11.709,8.5269,5.7619,7.5245,6.49,0.81
197904,1.6374,3.3396,0.1217,0.6573,0.74,0.8
197905,-2.6133,-0.4841,-1.814,-1.3239,-1.39,0.82
197906,5.7373,6.0916,3.1127,5.6467,4.66,0.81
197907,1.9209,3.238,0.5951,2.9998,1.59,0.77
197908,9.0414,7.3498,6.8305,5.3664,6.3,0.77
197909,0.8031,-1.0925,-0.8271,-0.7272,0.01,0.83
197910,-9.2505,-11.4064,-6.7367,-8.2708,-7.23,0.87
197911,10.9906,6.8114,6.463,4.0643,6.2,0.99
197912,8.2142,5.1402,3.0248,1.8921,2.74,0.95
198001,7.9452,8.5051,4.9399,7.8701,6.31,0.8
198002,-0.3848,-2.6726,-3.063,0.445,-0.33,0.89
198003,-19.3301,-17.3817,-9.0773,-13.036,-11.69,1.21
198004,6.233,5.9533,3.7499,6.1397,5.23,1.26
198005,8.0731,8.0871,5.7433,6.4795,6.07,0.81
198006,5.2048,4.3282,3.0507,2.4152,3.67,0.61
198007,13.2854,7.0754,9.3746,2.77,7.02,0.53
198008,8.4868,3.6359,2.1162,1.7611,2.44,0.64
198009,5.2475,1.0864,4.0427,-0.9699,2.94,0.75
198010,5.8507,3.0667,1.8142,-0.9246,2.01,0.95
198011,12.6739,2.6728,11.5462,4.8858,10.55,0.96
198012,-5.3599,-1.2148,-2.1695,-0.7354,-3.21,1.31
198101,-3.769,2.114,-5.906,1.6425,-4,1.04
198102,-0.7145,2.7761,2.7916,1.3483,1.64,1.07
198103,7.6888,7.6879,3.9242,5.2103,4.77,1.21
198104,2.5198,3.8073,-2.2007,1.0691,-1.03,1.08
198105,4.9505,1.6988,0.8188,3.2259,1.26,1.15
198106,-5.7292,1.423,-3.164,-0.055,-1.01,1.35
198107,-2.9082,-1.5787,1.2905,-1.037,-0.3,1.24
198108,-9.8846,-4.7176,-6.8246,-2.4762,-5.76,1.28
198109,-10.2062,-4.9371,-6.43,-1.3539,-5.93,1.24
198110,10.6086,5.8372,8.0684,4.4261,6.13,1.21
198111,0.8531,4.563,4.2079,4.1649,4.43,1.07
198112,-2.4036,-1.4615,-3.1337,-2.4558,-2.78,0.87
198201,-4.8632,-0.8535,-1.9213,0.4466,-2.44,0.8
198202,-7.4167,-0.7327,-7.3158,-1.896,-4.94,0.92
198203,-2.2742,1.5073,-1.9474,1.8964,-0.89,0.98
198204,6.3584,4.1462,5.7382,2.5601,4.4,1.13
198205,-3.4446,-0.9464,-3.4853,-2.4807,-2.93,1.06
198206,-3.5859,-1.3412,-2.5237,-1.7167,-2.13,0.96
198207,-2.2867,-1.0541,-0.6341,-1.6917,-2.14,1.05
198208,8.186,8.0868,11.3557,13.3486,11.9,0.76
198209,2.7648,5.2828,1.9731,0.0139,1.8,0.51
198210,15.8771,11.6901,12.8302,9.6909,11.89,0.59
198211,9.8053,9.209,7.1064,3.9592,5.3,0.63
198212,1.281,0.7614,1.1325,1.607,1.22,0.67
198301,9.5976,4.9439,2.7343,5.8897,4.29,0.69
198302,4.3293,7.1598,3.6533,2.2234,3.21,0.62
198303,2.5762,6.1273,2.5155,3.0031,3.45,0.63
198304,7.9818,7.5278,5.697,7.1267,7.38,0.71
198305,7.9931,5.1013,-0.16,-0.0677,1.21,0.69
198306,5.7463,2.4488,5.2835,0.7795,3.74,0.67
198307,-5.8404,1.3222,-5.2005,-1.1218,-3.33,0.74
198308,-4.7929,-0.3019,-1.314,5.2747,0.26,0.76
198309,0.2023,3.9526,2.523,0.7975,1.67,0.76
198310,-8.9359,-2.2239,-3.5906,-0.3673,-2.68,0.76
198311,4.7353,4.3171,2.9241,1.9075,2.86,0.7
198312,-3.1882,0.2055,-0.7589,-0.6913,-1.05,0.73
198401,-4.1567,2.0888,-5.3302,3.5896,-1.16,0.76
198402,-6.965,-3.5449,-4.777,-1.5333,-4.11,0.71
198403,0.1461,2.2646,1.6286,0.4238,1.36,0.73
198404,-1.1081,-0.0244,0.3973,1.7183,0.3,0.81
198405,-5.9648,-4.285,-4.8224,-5.8762,-5.19,0.78
198406,4.5857,1.0123,4.4134,2.6706,2.57,0.75
198407,-5.4642,-3.3285,-0.9786,-2.3933,-1.92,0.82
198408,13.4864,9.4739,11.1317,11.5043,11.11,0.83
198409,-2.7498,2.2213,-2.3711,3.2127,0.06,0.86
198410,-2.2199,-0.0773,0.7342,-0.5118,0.16,1
198411,-4.4941,0.3942,-2.238,1.0015,-1.03,0.73
198412,2.1513,2.095,2.683,2.2125,2.48,0.64
198501,15.0004,8.8293,10.143,5.6178,8.64,0.65
198502,2.9567,1.7902,1.2977,2.2635,1.8,0.58
198503,-3.2404,1.3822,-1.3177,2.2078,-0.22,0.62
198504,-2.0441,1.6812,-1.7834,1.936,-0.24,0.72
198505,4.2871,3.3406,6.1397,5.1677,5.75,0.66
198506,1.5306,2.2948,1.4638,1.4631,1.82,0.55
198507,2.713,1.1537,0.2217,-1.462,-0.12,0.62
198508,-2.0215,0.2922,-1.4907,0.8297,-0.47,0.55
198509,-7.2192,-4.142,-3.8632,-4.3669,-3.94,0.6
198510,3.2872,3.3782,4.0949,5.5001,4.67,0.65
198511,7.7856,6.3634,9.0429,4.7599,7.09,0.61
198512,4.8833,3.1658,5.7737,4.4138,4.53,0.65
198601,2.3768,2.5401,0.8049,1.5308,1.21,0.56
198602,7.2854,6.9587,8.0072,6.8955,7.66,0.53
198603,4.1459,5.2443,6.255,4.3668,5.48,0.6
198604,2.2826,0.4498,0.5808,-3.3166,-0.79,0.52
198605,3.3482,3.2911,5.4491,5.0823,5.11,0.49
198606,-0.0369,1.8141,1.8578,2.5744,1.55,0.52
198607,-10.5776,-5.7929,-7.2455,-2.632,-5.93,0.52
198608,2.243,4.4262,4.6183,9.4572,6.53,0.46
198609,-8.1714,-4.6913,-10.181,-7.2174,-8.15,0.45
198610,4.3978,1.7426,5.686,5.5064,5.12,0.46
198611,0.0342,0.5165,2.1265,1.501,1.56,0.39
198612,-3.0719,-1.8485,-2.381,-2.8754,-2.78,0.49
198701,12.6452,9.2413,13.9515,11.0334,12.89,0.42
198702,9.5106,5.094,7.4353,0.0263,4.82,0.43
198703,1.3769,3.663,1.6836,2.6132,2.11,0.47
198704,-2.6291,-3.6852,-1.7917,-1.5187,-1.67,0.44
198705,-0.3112,0.8036,1.3297,0.6845,0.49,0.38
198706,1.5427,3.608,4.6957,4.7076,4.42,0.48
198707,2.1631,5.2885,5.5219,3.7601,4.31,0.46
198708,2.8527,3.0306,4.7692,2.7356,3.99,0.47
198709,-2.5508,-1.3923,-1.9644,-2.5734,-2.14,0.45
198710,-32.4829,-27.8467,-23.2158,-19.38,-22.64,0.6
198711,-6.6107,-3.6438,-8.7104,-5.7749,-7.42,0.35
198712,9.2665,4.6334,9.1347,4.915,7.2,0.39
198801,2.2141,6.3098,2.0283,7.9624,4.5,0.29
198802,8.5114,7.0921,5.4343,3.4372,5.21,0.46
198803,3.6385,3.2186,-3.128,-1.2442,-1.83,0.44
198804,1.4367,2.5857,-0.6415,1.5495,1.02,0.46
198805,-3.0097,-0.2763,0.0176,2.1245,0.22,0.51
198806,7.8072,6.2787,4.9039,3.9622,5.28,0.49
198807,-2.3125,0.2536,-1.6413,0.2409,-0.74,0.51
198808,-4.1306,-1.4085,-2.9658,-1.3904,-2.72,0.59
198809,2.6306,2.5837,5.103,3.6418,3.92,0.62
198810,-2.0141,0.6314,1.5735,3.0263,1.76,0.61
198811,-3.8315,-2.5909,-1.952,-0.37,-1.72,0.57
198812,4.1019,2.8736,2.9015,0.7467,2.12,0.63
198901,4.2075,5.371,7.0241,7.0682,6.65,0.55
198902,0.4871,1.3553,-2.4817,-1.3377,-1.64,0.61
198903,2.4678,3.4757,2.4731,2.621,2.24,0.67
198904,4.6182,3.8119,6.1177,4.084,5,0.67
198905,4.7052,3.7753,4.8216,3.9835,4.14,0.79
198906,-3.1788,-0.068,-0.9504,0.4305,-0.64,0.71
198907,4.2672,3.3676,10.8754,6.2049,7.9,0.7
198908,2.7883,2.6094,1.0698,2.4445,2.18,0.74
198909,1.431,-0.7574,0.4919,0.1494,-0.11,0.65
198910,-5.0461,-6.3635,-1.3426,-2.2476,-2.99,0.68
198911,0.7437,-0.1227,2.3285,1.0186,1.72,0.69
198912,0.215,-0.2315,1.6916,2.4613,1.77,0.61
199001,-9.2469,-7.8832,-7.6131,-7.2709,-7.28,0.57
199002,3.1973,2.2005,0.3535,2.6296,1.68,0.57
199003,4.297,2.2333,4.1381,0.3616,2.47,0.64
199004,-2.7212,-4.3624,-0.9445,-4.4877,-2.67,0.69
199005,8.4807,4.2531,10.835,7.3981,9.1,0.68
199006,1.0426,0,1.2711,-1.5455,-0.46,0.63
199007,-4.5341,-4.3317,-1.3989,-1.6679,-1.22,0.68
199008,-14.7389,-11.2747,-9.7878,-9.9623,-9.49,0.66
199009,-10.1778,-8.3197,-5.7974,-6.367,-5.52,0.6
199010,-5.963,-6.0758,0.4607,0.7665,-1.24,0.68
199011,8.9656,5.0044,7.386,5.1477,6.92,0.57
199012,4.2266,2.6959,3.7847,1.9115,3.06,0.6
199101,9.3095,7.9073,6.3134,4.5144,5.21,0.52
199102,11.6821,11.3068,7.8957,7.1044,7.67,0.48
199103,7.8039,6.535,4.1447,2.6313,3.09,0.44
199104,-0.7145,1.6752,-0.2734,0.3398,0.25,0.53
199105,4.3206,2.6841,4.7155,5.3121,4.12,0.47
199106,-5.2543,-4.1184,-4.8868,-3.7232,-4.52,0.42
199107,4.3325,3.0346,5.411,4.0615,4.73,0.49
199108,4.4509,4.347,3.3482,1.901,2.78,0.46
199109,1.3208,-1.0642,-2.2033,-1.9731,-1.13,0.46
199110,3.0458,1.7781,1.5117,1.8307,1.71,0.42
199111,-4.8677,-5.5897,-2.4929,-5.5511,-3.8,0.39
199112,10.3864,7.4219,14.4732,9.0896,11.22,0.38
199201,7.4406,10.6783,-2.2734,3.9161,-0.25,0.34
199202,0.7335,7.1315,0.3247,6.8765,1.37,0.28
199203,-6.228,-0.7799,-2.7662,-1.1011,-2.32,0.34
199204,-5.4951,-0.9198,0.1232,4.2205,1.39,0.32
199205,-0.7331,2.3897,0.8799,0.1317,0.58,0.28
199206,-6.1368,-2.781,-2.4792,0.6397,-2.02,0.32
199207,2.7042,3.7109,4.3501,2.2174,4.08,0.31
199208,-4.2863,-2.7548,-1.1177,-4.858,-2.12,0.26
199209,1.426,1.3745,1.617,1.1576,1.45,0.26
199210,4.4956,1.9164,2.3858,1.0083,1.25,0.23
199211,9.573,6.8812,4.5935,4.5942,4.36,0.23
199212,2.606,5.0863,0.7039,3.4616,1.81,0.28
199301,1.1246,6.3608,-1.1051,5.531,1.16,0.23
199302,-6.4782,0.9461,-2.3187,3.0909,0.34,0.22
199303,2.0745,3.4111,1.754,2.7855,2.55,0.25
199304,-3.7479,-2.7049,-5.0586,-1.1277,-2.81,0.24
199305,6.6181,3.1393,4.0372,0.6694,3.11,0.22
199306,0.5431,1.4876,-1.0757,3.4698,0.56,0.25
199307,-0.4052,2.1185,-1.9939,1.174,-0.1,0.24
199308,3.7756,3.4149,3.4854,4.1084,3.96,0.25
199309,3.315,2.4602,-0.9259,-0.688,0.14,0.26
199310,3.9698,2.7022,3.2825,-0.9683,1.63,0.22
199311,-3.1616,-2.4434,0.062,-2.1447,-1.64,0.25
199312,2.7277,2.5671,1.4219,2.2282,1.88,0.23
199401,1.8803,4.8889,2.4154,1.6973,3.12,0.25
199402,-0.9196,-1.0985,-1.7641,-4.672,-2.34,0.21
199403,-6.2311,-4.3361,-4.6933,-3.3803,-4.51,0.27
199404,-0.8882,1.4197,0.6158,1.6366,0.95,0.27
199405,-2.7048,0.1619,1.4041,-0.1128,0.89,0.31
199406,-4.7152,-1.8241,-3.1128,-2.6651,-2.72,0.31
199407,1.6163,2.1612,2.8841,3.5012,3.1,0.28
199408,7.3985,3.9547,5.2259,3.6475,4.38,0.37
199409,0.6014,-0.0209,-1.4291,-4.5775,-1.94,0.37
199410,0.4398,-1.5464,2.0112,0.7504,1.72,0.38
199411,-3.9575,-3.6845,-3.2106,-4.8823,-3.67,0.37
199412,0.8135,1.5471,1.5264,0.5245,1.3,0.44
199501,-1.0872,0.8998,2.194,5.3437,2.22,0.42
199502,3.5045,4.2537,3.8868,5.2961,4.03,0.4
199503,2.9035,1.2955,2.9623,0.2608,2.65,0.46
199504,1.0824,3.3218,2.3436,3.5196,2.55,0.44
199505,0.8409,2.955,3.2689,5.7376,3.44,0.54
199506,7.7813,4.3521,3.4656,1.8233,3.19,0.47
199507,8.0404,4.8239,3.7632,3.7455,4.17,0.45
199508,2.0488,3.9387,0.0326,3.7307,1.02,0.47
199509,2.4192,1.6687,4.506,5.1737,3.78,0.43
199510,-5.5169,-3.8152,0.331,-2.373,-1.05,0.47
199511,3.7295,3.7025,4.2415,5.2829,4.38,0.42
199512,2.2051,2.2547,0.8634,1.2528,1.52,0.49
199601,0.0325,0.6887,3.1042,3.212,2.69,0.43
199602,4.8418,2.7796,1.6586,1.5535,1.72,0.39
199603,2.4736,2.6298,0.3329,0.8853,1.12,0.39
199604,8.5392,4.6315,2.5169,-1.6187,2.52,0.46
199605,6.0161,5.3554,3.3798,2.376,2.78,0.42
199606,-6.3904,-2.3838,0.141,0.8304,-0.74,0.4
199607,-13.7771,-5.4644,-5.6703,-3.6952,-5.52,0.45
199608,7.0424,4.4876,2.1368,3.2033,3.18,0.41
199609,5.3067,3.2759,6.6623,3.2607,5.45,0.44
199610,-5.2621,0.9932,0.6781,4.3024,1.28,0.42
199611,1.7531,3.9288,7.1535,7.7482,6.66,0.41
199612,0.5392,2.2704,-1.7155,-0.8256,-1.24,0.46
199701,4.1649,2.9067,6.5068,4.9195,5.44,0.45
199702,-6.4196,1.2125,0.0212,3.738,-0.1,0.39
199703,-8.4408,-1.806,-5.3569,-5.2102,-4.6,0.43
199704,-3.2057,-0.4489,6.4759,3.855,4.47,0.43
199705,15.557,8.4213,6.9398,5.8204,7.23,0.49
199706,3.2911,6.9037,4.3459,3.8965,4.47,0.37
199707,5.0479,5.5703,7.7392,7.7277,7.76,0.43
199708,3.9081,3.0223,-5.5037,-2.2565,-3.74,0.41
199709,8.7194,8.2867,5.0326,6.2052,5.79,0.44
199710,-6.461,-2.0165,-3.2725,-3.1766,-3.38,0.42
199711,-3.445,0.5167,5.1146,3.5621,3.37,0.39
199712,-2.2526,2.3342,1.2184,4.3036,1.8,0.48
199801,-0.6783,-1.0299,2.5491,-0.3543,0.58,0.43
199802,8.559,7.0923,7.0242,6.7943,7.43,0.39
199803,4.1742,4.6827,4.9016,7.1641,5.15,0.39
199804,0.6953,2.1415,0.8618,1.2991,1.16,0.43
199805,-7.4586,-2.4278,-2.1842,-0.3432,-2.67,0.4
199806,0.599,-0.1616,5.5655,2.4064,3.59,0.41
199807,-7.7919,-7.4253,-0.84,-4.7627,-2.06,0.4
199808,-24.3741,-18.8106,-13.6291,-12.1245,-15.65,0.43
199809,9.1005,3.6424,7.8651,6.4886,6.61,0.46
199810,4.4161,3.3328,7.9721,4.5867,7.45,0.32
199811,9.0066,5.4904,7.0561,4.0667,6.41,0.31
199812,6.7069,2.802,8.2786,3.812,6.54,0.38
199901,3.7326,1.0679,4.9923,-1.551,3.85,0.35
199902,-8.8767,-8.4237,-4.4395,-1.0443,-3.73,0.35
199903,-0.1892,-2.7853,3.9834,1.1068,3.88,0.43
199904,9.0446,9.1712,2.2638,7.0474,4.7,0.37
199905,1.8174,3.7551,-2.4989,0.2561,-2.12,0.34
199906,6.642,6.4515,6.5464,0.3594,5.17,0.4
199907,-1.1252,-1.17,-2.9887,-3.8208,-3.11,0.38
199908,-2.7649,-3.4268,0.0456,-3.0357,-0.99,0.39
199909,0.6314,-2.8843,-1.7866,-5.2602,-2.4,0.39
199910,0.9525,-2.7004,6.647,3.5624,6.51,0.39
199911,13.3583,4.3349,4.1944,0.9766,3.73,0.36
199912,18.3003,6.6659,8.3424,3.3242,8.16,0.44
200001,1.1975,0.3625,-4.8391,-7.7629,-4.33,0.41
200002,28.0883,13.1301,1.2418,-2.9891,2.88,0.43
200003,-13.484,-1.2043,8.6671,12.6437,5.67,0.47
200004,-14.6459,-4.3476,-4.2256,-0.0027,-5.94,0.46
200005,-7.4689,-4.9489,-3.4721,3.4989,-3.92,0.5
200006,17.7779,8.5776,4.7732,-2.8696,5.04,0.4
200007,-7.1352,1.8849,-3.0452,4.5455,-2.03,0.48
200008,8.796,6.671,7.5806,6.93,7.53,0.5
200009,-7.2712,-0.4569,-5.9659,1.5671,-4.94,0.51
200010,-8.4071,-1.5683,-2.0153,2.5737,-2.2,0.56
200011,-16.5288,-2.9313,-10.5537,0.4395,-10.21,0.51
200012,2.7926,8.6265,-0.1828,9.2058,1.69,0.5
200101,12.6089,6.863,3.4848,-0.9,3.67,0.54
200102,-12.4032,0.0022,-11.2013,1.3265,-9.67,0.38
200103,-7.6214,-1.5864,-8.0352,-1.2367,-6.84,0.42
200104,10.1832,5.0816,8.9573,4.7177,8.33,0.39
200105,3.8731,6.31,0.4381,4.7252,1.04,0.32
200106,6.3064,3.1503,-2.2317,-1.3252,-1.66,0.28
200107,-9.3319,-1.089,-1.7118,0.4601,-1.83,0.3
200108,-7.4609,-1.4791,-6.9023,-8.2732,-6.15,0.31
200109,-17.0159,-14.1521,-8.1659,-8.1314,-8.97,0.28
200110,11.118,4.4857,3.3534,-5.3216,2.68,0.22
200111,9.0378,9.0717,7.8875,12.2742,7.71,0.17
200112,6.7106,6.689,0.6646,2.3635,1.75,0.15
200201,-5.1916,3.3048,-0.9182,-2.5436,-1.3,0.14
200202,-8.1298,-1.0152,-2.3962,-5.1829,-2.16,0.13
200203,8.8781,9.9117,3.5933,4.684,4.37,0.13
200204,-4.0034,4.227,-7.1199,-7.5924,-5.05,0.15
200205,-6.7104,-2.6494,-1.3862,-2.3928,-1.24,0.14
200206,-7.0903,-2.4015,-7.4377,-12.2215,-7.08,0.13
200207,-14.9416,-15.3101,-6.4478,-13.7713,-8.03,0.15
200208,-0.433,-0.4485,-0.1006,6.4683,0.64,0.14
200209,-8.3652,-7.1005,-10.8017,-9.135,-10.21,0.14
200210,6.6758,0.54,9.7548,7.9856,7.98,0.14
200211,13.2221,7.6826,5.378,8.4496,6.08,0.12
200212,-8.677,-3.583,-6.1715,-6.9949,-5.65,0.11
200301,-2.331,-1.2782,-2.8369,-5.5572,-2.47,0.1
200302,-3.9075,-3.7313,-1.4217,-4.3684,-1.79,0.09
200303,1.7988,1.0764,1.5895,-1.5555,1.19,0.1
200304,11.0914,9.5335,7.7629,11.5916,8.32,0.1
200305,13.1865,10.6693,5.0071,8.327,6.14,0.09
200306,2.4758,3.5209,1.3366,0.5109,1.52,0.1
200307,8.2157,6.6437,1.7695,0.8599,2.42,0.07
200308,4.9033,6.0561,2.126,4.0295,2.41,0.07
200309,-1.6603,0.922,-1.132,-3.3924,-1.16,0.08
200310,8.4031,10.7909,5.2059,6.751,6.15,0.07
200311,2.9769,4.676,0.8079,2.661,1.42,0.07
200312,1.0682,3.107,4.6141,5.7836,4.37,0.08
200401,3.8937,7.2328,1.4411,3.077,2.22,0.07
200402,0.3743,0.2898,1.0861,2.9757,1.46,0.06
200403,1.2919,0.4087,-1.8648,-0.4333,-1.23,0.09
200404,-3.3071,-6.0914,-0.2311,-3.6398,-1.75,0.08
200405,1.0241,0.7002,1.2499,1.0769,1.23,0.06
200406,3.1125,4.3401,1.5136,2.6548,1.94,0.08
200407,-9.4967,-5.2013,-4.3756,-2.1818,-3.96,0.1
200408,-2.2001,-0.6391,-0.282,0.1024,0.19,0.11
200409,5.5244,3.6371,0.8519,2.7342,1.71,0.11
200410,2.7869,1.2476,1.5958,2.6893,1.54,0.11
200411,8.5101,8.7784,3.7051,6.2587,4.69,0.15
200412,4.4048,3.7097,3.5207,3.7746,3.59,0.16
200501,-5.3911,-2.663,-3.0957,-1.7037,-2.6,0.16
200502,0.7712,2.804,2.1229,3.1604,2.05,0.16
200503,-4.154,-1.4772,-1.2856,0.1157,-1.76,0.21
200504,-6.3511,-5.7186,-1.7369,-2.2342,-2.4,0.21
200505,7.498,5.7183,3.6683,4.1685,3.89,0.24
200506,2.7806,4.7555,-0.7926,2.8856,0.8,0.23
200507,6.9998,5.9866,4.5699,3.9961,4.16,0.24
200508,-2.2529,-1.2413,-1.2405,0.3806,-0.92,0.3
200509,0.3822,0.2636,0.3871,1.9333,0.78,0.29
200510,-3.9638,-2.2453,-1.2382,-2.1076,-1.75,0.27
200511,5.1198,4.0298,4.1346,2.8948,3.92,0.31
200512,0.0933,-0.323,-0.729,0.0853,0.07,0.32
200601,8.5807,8.1654,1.8137,4.3913,3.39,0.35
200602,-0.5483,-0.5208,-0.0917,-0.804,0.04,0.34
200603,4.0319,5.3598,1.6908,1.5704,1.83,0.37
200604,-0.5657,0.8286,0.0059,3.2858,1.09,0.36
200605,-7.6554,-4.0432,-2.9029,-1.6874,-3.14,0.43
200606,-0.7189,0.0187,-0.1141,0.8541,0.05,0.4
200607,-5.8879,-2.1527,-0.7869,0.6862,-0.38,0.4
200608,3.4981,2.5223,3.3106,0.1641,2.45,0.42
200609,0.8236,1.3171,2.5161,2.1895,2.25,0.41
200610,6.1777,4.5665,3.3829,4.3813,3.64,0.41
200611,2.5686,2.7404,1.8462,1.9554,2.13,0.42
200612,-0.5996,2.0235,0.3481,3.1865,1.27,0.4
200701,2.5527,1.9196,1.9159,1.1933,1.84,0.44
200702,-0.1024,-1.0489,-1.9498,-1.2836,-1.58,0.38
200703,1.7726,0.3487,0.8422,0.333,1.11,0.43
200704,2.8135,0.9535,4.8417,3.7988,3.93,0.44
200705,4.5063,3.1037,3.2198,3.3277,3.65,0.41
200706,-0.5887,-1.6191,-1.1139,-2.1834,-1.56,0.4
200707,-4.8084,-8.2207,-1.4022,-5.4141,-3.33,0.4
200708,1.5001,-0.6619,1.5856,0.0271,1.34,0.42
200709,2.5885,0.0934,4.9638,3.0316,3.54,0.32
200710,3.5844,0.1482,3.1527,0.6368,2.12,0.32
200711,-7.5145,-7.9013,-3.1057,-4.5989,-4.49,0.34
200712,0.1682,-0.9297,-0.4386,-0.4388,-0.6,0.27
200801,-8.5654,-3.9366,-7.1977,-3.8873,-6.15,0.21
200802,-4.6707,-3.9608,-2.11,-4.4916,-2.96,0.13
200803,-2.1235,0.1903,0.6612,-1.0498,-0.76,0.17
200804,4.7454,1.5267,3.7378,5.0753,4.78,0.18
200805,5.515,3.0015,2.3412,1.9916,2.04,0.18
200806,-7.2838,-8.8965,-7.0126,-10.8237,-8.27,0.17
200807,2.2876,5.2999,-1.0748,6.751,-0.62,0.15
200808,3.1047,7.0479,1.4728,0.7139,1.66,0.13
200809,-11.096,-6.9905,-9.78,-2.057,-9.09,0.15
200810,-22.1126,-20.5932,-15.4972,-21.6172,-17.15,0.08
200811,-11.7044,-14.3367,-6.2057,-16.1953,-7.83,0.03
200812,4.9088,5.3899,1.7,1.5085,1.74,0
200901,-7.8913,-16.0718,-5.3342,-19.7425,-8.12,0
200902,-9.8277,-15.0774,-7.9555,-16.6032,-10.09,0.01
200903,9.1856,11.0487,8.3258,13.4126,8.97,0.02
200904,16.4844,18.304,7.9415,16.8494,10.19,0.01
200905,3.8848,2.4796,4.5172,6.4772,5.21,0
200906,5.4172,0.7106,0.8703,0.114,0.44,0.01
200907,6.9131,13.3715,6.7746,9.9829,7.73,0.01
200908,1.0155,8.1775,1.7045,9.8001,3.34,0.01
200909,6.3176,7.5882,3.4573,4.2793,4.09,0.01
200910,-6.9838,-9.3918,-0.4418,-6.4484,-2.59,0
200911,2.0214,4.1189,6.6381,3.8618,5.56,0
200912,8.4759,8.368,1.9456,1.7169,2.76,0.01
201001,-3.7834,-2.6952,-4.2125,-4.4504,-3.36,0
201002,3.3733,7.4667,3.058,5.4191,3.4,0
201003,7.016,8.9514,5.2329,7.7161,6.32,0.01
201004,3.9334,9.2912,0.852,1.2645,2.01,0.01
201005,-5.9602,-10.3776,-7.3779,-7.8501,-7.88,0.01
201006,-5.7705,-10.8899,-4.4235,-8.7076,-5.56,0.01
201007,6.7892,7.2318,6.7418,5.6834,6.94,0.01
201008,-7.1839,-8.6118,-4.0632,-6.4365,-4.76,0.01
201009,14.0566,10.9568,10.0755,6.851,9.55,0.01
201010,4.4548,3.6404,4.5444,0.5078,3.89,0.01
201011,3.7202,3.3312,0.5094,-1.0253,0.61,0.01
201012,7.3101,9.4636,4.9391,10.1774,6.83,0.01
201101,-0.4753,0.3442,2.0293,2.8643,2,0.01
201102,5.1047,5.6043,2.5012,4.5472,3.5,0.01
201103,3.3477,1.4611,0.1939,-1.5739,0.47,0.01
201104,3.2935,1.0561,3.7506,1.1332,2.9,0
201105,-1.4039,-3.1974,-0.5623,-3,-1.27,0
201106,-1.7945,-1.8913,-1.4636,-2.2103,-1.75,0
201107,-4.5439,-3.0352,-0.7561,-4.059,-2.35,0
201108,-9.3769,-9.7399,-3.9976,-8.3585,-5.98,0.01
201109,-11.1092,-10.8019,-6.3705,-10.1269,-7.59,0
201110,15.6782,13.1351,9.8325,12.5813,11.35,0
201111,-1.8363,-0.1686,-0.0524,-2.6363,-0.28,0
201112,-0.5702,1.1746,-0.1342,1.38,0.74,0
201201,8.2691,5.8503,5.4881,5.9724,5.05,0
201202,3.4368,2.9373,4.63,5.9852,4.42,0
201203,2.4245,3.0831,3.696,5.3242,3.11,0
201204,-1.4451,-0.9131,-0.4648,-2.5525,-0.85,0
201205,-6.5422,-6.2397,-5.4838,-7.9175,-6.18,0.01
201206,5.7104,4.7887,2.9353,5.0942,3.89,0
201207,-3.3857,-1.7068,1.2935,-0.4303,0.79,0
201208,3.2884,3.7404,2.3725,4.5117,2.56,0.01
201209,3.2688,4.1139,1.9087,4.2734,2.74,0.01
201210,-4.043,-0.8733,-2.4805,1.5199,-1.75,0.01
201211,1.0919,0.8674,1.1244,-0.3317,0.79,0.01
201212,2.6308,4.4199,-0.1907,5.0406,1.19,0.01
201301,6.8825,5.8106,4.4787,7.469,5.57,0
201302,1.0361,1.3242,1.3647,1.3,1.29,0
201303,5.1794,4.5439,3.7607,4.0252,4.03,0
201304,-0.7799,-0.1701,1.8584,2.1417,1.55,0
201305,5.0181,5.199,1.9508,7.0326,2.8,0
201306,-0.2285,-0.1188,-1.7702,-1.8251,-1.2,0
201307,7.38,7.8817,5.6309,6.2744,5.65,0
201308,-1.0563,-3.8395,-1.7433,-4.3434,-2.71,0
201309,6.3876,5.6102,4.0527,2.3976,3.77,0
201310,1.0547,3.946,4.1757,3.7778,4.18,0
201311,5.2474,4.5237,3.2912,4.657,3.13,0
201312,1.8901,1.8888,2.1376,2.0897,2.81,0
201401,-0.1005,-3.6886,-3.3492,-3.8951,-3.32,0
201402,4.0185,5.1966,5.0204,3.2149,4.65,0
201403,-3.4318,1.3785,-0.5888,4.4634,0.43,0
201404,-6.3726,-2.74,0.3706,-0.9228,-0.19,0
201405,-0.6871,0.0861,2.459,1.4194,2.06,0
201406,7.1987,4.4407,1.643,3.0089,2.61,0
201407,-6.3824,-5.4594,-1.4006,-2.2657,-2.04,0
201408,5.0712,4.5295,4.7978,4.438,4.24,0
201409,-4.7302,-6.439,-0.9312,-1.9052,-1.97,0
201410,7.5086,5.2151,2.8233,1.499,2.52,0
201411,1.7865,-1.0665,3.7087,0.3802,2.55,0
201412,2.0778,3.2662,-1.3474,2.0002,-0.06,0
201501,-2.8575,-5.1879,-1.5607,-6.3993,-3.11,0
201502,7.6759,5.0056,6.4876,5.4379,6.13,0
201503,2.0451,1.1345,-1.3767,-1.2115,-1.12,0
201504,-3.2024,-0.7281,0.3415,1.5106,0.59,0
201505,2.8938,0.881,1.2186,0.9607,1.36,0
201506,2.7223,0.6035,-1.8323,-1.2916,-1.53,0
201507,-0.2299,-5.6037,2.9657,0.08,1.54,0
201508,-9.3032,-3.3404,-6.1721,-6.588,-6.04,0
201509,-7.8251,-4.7172,-2.2242,-4.2145,-3.07,0
201510,5.0061,5.7017,8.0276,6.4103,7.75,0
201511,5.6571,3.6571,0.5054,1.6709,0.56,0
201512,-3.8734,-6.8243,-1.306,-3.573,-2.16,0.01
201601,-14.1147,-6.9269,-5.1637,-8.1763,-5.76,0.01
201602,-0.7099,0.378,0.0215,-2.2142,-0.05,0.02
201603,7.7058,8.4662,6.576,8.2047,6.98,0.02
201604,2.6434,3.8478,-0.6295,4.7317,0.92,0.01
201605,2.329,0.5247,2.1877,0.6654,1.79,0.01
201606,0.2961,-0.0412,0.0131,-2.6015,-0.03,0.02
201607,7.0391,5.674,4.951,3.6762,3.97,0.02
201608,1.3009,3.2507,-0.5452,3.8652,0.51,0.02
201609,3.2742,1.6892,0.4472,-0.4406,0.27,0.02
201610,-8.1473,-3.0228,-1.9605,1.0938,-2,0.02
201611,9.14,14.9658,1.943,12.5388,4.87,0.01
201612,-0.4427,4.4845,1.3517,3.4784,1.85,0.03
201701,1.9775,-0.7168,3.221,0.4064,1.98,0.04
201702,3.3431,0.2891,4.2757,3.9975,3.61,0.04
201703,2.3122,-0.6854,1.1103,-2.5873,0.2,0.03
201704,1.9398,0.6314,2.0535,-0.8974,1.14,0.05
201705,-0.8419,-3.8611,2.8958,-1.6445,1.12,0.06
201706,4.8044,3.4308,-0.1294,4.2068,0.84,0.06
201707,0.7577,0.4835,2.4747,2.1367,1.94,0.07
201708,-0.6132,-2.3451,1.2816,-1.1635,0.25,0.09
201709,5.4339,8.3452,1.3508,4.7097,2.6,0.09
201710,0.3608,1.0223,3.1204,2.862,2.34,0.09
201711,2.7002,2.7467,3.3219,3.2153,3.2,0.08
201712,0.8682,0.0149,0.9774,1.9459,1.15,0.09
201801,3.1384,1.8311,6.4964,5.2253,5.69,0.12
201802,-3.0809,-3.7185,-2.5676,-4.0181,-3.54,0.11
201803,1.3872,1.9283,-2.3567,-3.3156,-2.24,0.11
201804,1.2051,2.3998,0.6215,0.5007,0.42,0.14
201805,8.0065,5.7014,3.8065,-0.2962,2.79,0.14
201806,2.8798,0.605,1.0986,-1.2985,0.62,0.14
201807,1.4069,1.0674,3.3445,4.6186,3.35,0.16
201808,5.7312,2.3584,5.3229,0.8061,3.6,0.16
201809,-1.745,-2.8136,0.6155,-1.7224,0.21,0.15
201810,-13.326,-9.23,-8.2352,-5.528,-7.49,0.19
201811,1.0429,0.843,1.4647,2.2556,1.87,0.18
201812,-12.1073,-12.6292,-8.4193,-11.5847,-9.37,0.2
201901,12.898,11.0416,8.2064,9.1348,8.61,0.21
201902,6.4494,3.6335,3.7318,1.2013,3.58,0.18
201903,-0.6693,-4.3414,2.7699,-1.8982,1.29,0.19
201904,2.3065,3.2851,4.0073,7.3301,4.18,0.21
201905,-7.1289,-9.942,-6.3698,-8.2928,-6.73,0.21
201906,8.259,6.4698,7.0754,7.4528,7.11,0.18
201907,-0.7976,-0.621,1.8103,2.5952,1.38,0.19
201908,-4.1984,-8.0669,-1.0204,-6.7096,-2.42,0.16
201909,-2.4907,5.5525,0.3214,5.7834,1.61,0.18
201910,4.4627,0.6591,2.6102,2.5924,2.22,0.16
201911,6.1075,3.5075,4.3949,2.9569,3.99,0.12
201912,2.7577,4.7567,2.757,4.2651,2.91,0.14
202001,-1.8502,-8.2098,1.6837,-4.4505,0.02,0.13
202002,-6.1507,-9.9821,-7.0477,-10.8278,-8.01,0.12
202003,-18.6226,-28.1282,-8.9985,-27.2267,-13.26,0.13
202004,18.3099,15.6298,14.3817,14.3994,13.65,0
202005,11.2651,4.2357,6.058,3.329,5.59,0.01
202006,5.446,3.5082,3.5334,1.0651,2.47,0.01
202007,1.8239,2.6398,7.2846,3.6557,5.78,0.01
202008,7.1723,5.364,9.4568,5.3281,7.64,0.01
202009,-0.5582,-5.8567,-4.1638,-4.2792,-3.62,0.01
202010,0.6958,6.2713,-2.8696,0.0648,-2.09,0.01
202011,23.143,19.5801,10.4738,18.2128,12.48,0.01
202012,12.7199,8.3908,4.4523,5.7596,4.64,0.01
202101,5.8871,10.6155,-0.5979,0.6935,-0.02,0.01
202102,5.848,9.3267,0.3563,11.1704,2.78,0
202103,-2.7043,7.1684,2.3154,7.23,3.08,0
202104,2.563,1.262,6.0793,5.484,4.93,0
202105,-1.6461,6.048,-1,5.4886,0.29,0
202106,5.5321,-1.3894,4.8194,-3.9974,2.75,0
202107,-5.5669,-3.7119,3.1122,-2.3,1.27,0
202108,2.4939,2.734,3.5727,3.0371,2.91,0
202109,-4.4684,0.5032,-5.449,-0.2526,-4.37,0
202110,2.9734,3.7682,8.0178,6.2388,6.65,0
202111,-7.0132,-3.8005,-0.3202,-4.4293,-1.55,0
202112,-0.0285,4.4087,2.5978,4.6821,3.11,0.01
202201,-13.3275,-1.0049,-7.9548,5.2226,-6.25,0
202202,-0.0313,2.2397,-3.559,0.3395,-2.29,0
202203,1.7907,0.558,4.3282,1.9377,3.06,0.01
202204,-13.5306,-5.5778,-10.5957,-6.2179,-9.45,0.01
202205,-4.3725,4.1366,-2.6268,5.6393,-0.31,0.03
202206,-4.3114,-11.2091,-7.2574,-12.2993,-8.37,0.06
202207,13.4327,8.7729,11.4394,7.9956,9.65,0.08
202208,0.2894,-2.262,-4.7149,-1.5765,-3.58,0.19
202209,-9.3432,-9.7753,-9.1189,-8.5881,-9.16,0.19
202210,7.279,13.7999,5.4711,14.965,8.06,0.23
202211,-0.5107,2.5274,5.1241,4.838,4.89,0.29
202212,-5.91,-5.3959,-7.1702,-4.9538,-6.08,0.33
202301,13.897,8.1936,7.4992,5.1759,7,0.35
202302,-2.4126,-1.7028,-1.3885,-3.7135,-2.24,0.34
202303,-3.4709,-9.1162,6.7317,-5.3232,2.87,0.36
202304,-1.2652,-2.5277,1.0381,2.2148,0.96,0.35
202305,0.8681,-4.2857,3.9763,-6.3029,0.71,0.36
202306,7.5959,8.0918,7.1436,6.1311,6.86,0.4
202307,5.133,9.2635,2.9021,6.9958,3.66,0.45
202308,-7.8268,-5.3284,-0.8988,-5.5092,-1.94,0.45
202309,-6.8099,-6.0808,-5.4008,-3.0848,-4.81,0.43
202310,-9.1193,-6.2075,-1.796,-4.3317,-2.72,0.47
202311,9.8575,10.4839,9.5666,12.2209,9.28,0.44
202312,12.3066,15.3929,4.2271,10.9983,5.3,0.43
202401,-4.1393,-5.1547,1.7398,-1.9996,1.18,0.47
202402,6.5183,2.3237,5.5714,2.8054,5.48,0.42